Pesquisa Original;Nome Comercial / Produto;Preço
NEOSORO;Neosoro H 3% Descongestionante Solução Spray Nasal 60ml;R$ 33,16
GLIFAGE XR;Kit Lenço Umedecido Huggies Rosto e Corpo Hipoalergênico 48 unidades 4 pacotes;2 por R$ 29,99 cada
GLIFAGE XR;Cupom REXONA25;R$ 32,90
GLIFAGE XR;4 opções;2 por R$ 5,69 cada
MAXALGINA;Kit Lenço Umedecido Huggies Rosto e Corpo Hipoalergênico 48 unidades 4 pacotes;2 por R$ 29,99 cada
MAXALGINA;Cupom REXONA25;R$ 32,90
MAXALGINA;4 opções;2 por R$ 5,69 cada
LOSARTANA N.Q;Kit Lenço Umedecido Huggies Rosto e Corpo Hipoalergênico 48 unidades 4 pacotes;2 por R$ 29,99 cada
LOSARTANA N.Q;Cupom REXONA25;R$ 32,90
LOSARTANA N.Q;4 opções;2 por R$ 5,69 cada
CIMEGRIPE;Kit Lenço Umedecido Huggies Rosto e Corpo Hipoalergênico 48 unidades 4 pacotes;2 por R$ 29,99 cada
CIMEGRIPE;Cupom REXONA25;R$ 32,90
CIMEGRIPE;4 opções;2 por R$ 5,69 cada
CICLO 21;Kit Lenço Umedecido Huggies Rosto e Corpo Hipoalergênico 48 unidades 4 pacotes;2 por R$ 29,99 cada
CICLO 21;Cupom REXONA25;R$ 32,90
CICLO 21;4 opções;2 por R$ 5,69 cada
PURAN T4;Kit Lenço Umedecido Huggies Rosto e Corpo Hipoalergênico 48 unidades 4 pacotes;2 por R$ 29,99 cada
PURAN T4;Cupom REXONA25;R$ 32,90
PURAN T4;4 opções;2 por R$ 5,69 cada
LOSARTANA TTB;Kit Lenço Umedecido Huggies Rosto e Corpo Hipoalergênico 48 unidades 4 pacotes;2 por R$ 29,99 cada
LOSARTANA TTB;Cupom REXONA25;R$ 32,90
LOSARTANA TTB;4 opções;2 por R$ 5,69 cada
CIMELIDE;Kit Lenço Umedecido Huggies Rosto e Corpo Hipoalergênico 48 unidades 4 pacotes;2 por R$ 29,99 cada
CIMELIDE;Cupom REXONA25;R$ 32,90
CIMELIDE;4 opções;2 por R$ 5,69 cada
TORSILAX;Kit Lenço Umedecido Huggies Rosto e Corpo Hipoalergênico 48 unidades 4 pacotes;2 por R$ 29,99 cada
TORSILAX;Cupom REXONA25;R$ 32,90
TORSILAX;4 opções;2 por R$ 5,69 cada
DORFLEX;Kit Lenço Umedecido Huggies Rosto e Corpo Hipoalergênico 48 unidades 4 pacotes;2 por R$ 29,99 cada
DORFLEX;Cupom REXONA25;R$ 32,90
DORFLEX;4 opções;2 por R$ 5,69 cada
SILDENAFILA N.Q;Kit Lenço Umedecido Huggies Rosto e Corpo Hipoalergênico 48 unidades 4 pacotes;2 por R$ 29,99 cada
SILDENAFILA N.Q;Cupom REXONA25;R$ 32,90
SILDENAFILA N.Q;4 opções;2 por R$ 5,69 cada
METFORMINA P.D;Kit Lenço Umedecido Huggies Rosto e Corpo Hipoalergênico 48 unidades 4 pacotes;2 por R$ 29,99 cada
METFORMINA P.D;Cupom REXONA25;R$ 32,90
METFORMINA P.D;4 opções;2 por R$ 5,69 cada
LOSARTANA EMS;Kit Lenço Umedecido Huggies Rosto e Corpo Hipoalergênico 48 unidades 4 pacotes;2 por R$ 29,99 cada
LOSARTANA EMS;Cupom REXONA25;R$ 32,90
LOSARTANA EMS;4 opções;2 por R$ 5,69 cada
DIPIMED;Kit Lenço Umedecido Huggies Rosto e Corpo Hipoalergênico 48 unidades 4 pacotes;2 por R$ 29,99 cada
DIPIMED;Cupom REXONA25;R$ 32,90
DIPIMED;4 opções;2 por R$ 5,69 cada
SALONPAS EMPLASTRO;Kit Lenço Umedecido Huggies Rosto e Corpo Hipoalergênico 48 unidades 4 pacotes;2 por R$ 29,99 cada
SALONPAS EMPLASTRO;Cupom REXONA25;R$ 32,90
SALONPAS EMPLASTRO;4 opções;2 por R$ 5,69 cada
LORATAMED;Kit Lenço Umedecido Huggies Rosto e Corpo Hipoalergênico 48 unidades 4 pacotes;2 por R$ 29,99 cada
LORATAMED;Cupom REXONA25;R$ 32,90
LORATAMED;4 opções;2 por R$ 5,69 cada
HIDROCLOROTIAZIDA;Kit Lenço Umedecido Huggies Rosto e Corpo Hipoalergênico 48 unidades 4 pacotes;2 por R$ 29,99 cada
HIDROCLOROTIAZIDA;Cupom REXONA25;R$ 32,90
HIDROCLOROTIAZIDA;4 opções;2 por R$ 5,69 cada
LOSARTANA MD7;Kit Lenço Umedecido Huggies Rosto e Corpo Hipoalergênico 48 unidades 4 pacotes;2 por R$ 29,99 cada
LOSARTANA MD7;Cupom REXONA25;R$ 32,90
LOSARTANA MD7;4 opções;2 por R$ 5,69 cada
NOVALGINA;Kit Lenço Umedecido Huggies Rosto e Corpo Hipoalergênico 48 unidades 4 pacotes;2 por R$ 29,99 cada
NOVALGINA;Cupom REXONA25;R$ 32,90
NOVALGINA;4 opções;2 por R$ 5,69 cada
ARADOIS;Kit Lenço Umedecido Huggies Rosto e Corpo Hipoalergênico 48 unidades 4 pacotes;2 por R$ 29,99 cada
ARADOIS;Cupom REXONA25;R$ 32,90
ARADOIS;4 opções;2 por R$ 5,69 cada
SORIMAX;Kit Lenço Umedecido Huggies Rosto e Corpo Hipoalergênico 48 unidades 4 pacotes;2 por R$ 29,99 cada
SORIMAX;Cupom REXONA25;R$ 32,90
SORIMAX;4 opções;2 por R$ 5,69 cada
BUSCOPAN CPTO;Kit Lenço Umedecido Huggies Rosto e Corpo Hipoalergênico 48 unidades 4 pacotes;2 por R$ 29,99 cada
BUSCOPAN CPTO;Cupom REXONA25;R$ 32,90
BUSCOPAN CPTO;4 opções;2 por R$ 5,69 cada
LEVOTIROXINA MCK;Kit Lenço Umedecido Huggies Rosto e Corpo Hipoalergênico 48 unidades 4 pacotes;2 por R$ 29,99 cada
LEVOTIROXINA MCK;Cupom REXONA25;R$ 32,90
LEVOTIROXINA MCK;4 opções;2 por R$ 5,69 cada
HISTAMIN;Kit Lenço Umedecido Huggies Rosto e Corpo Hipoalergênico 48 unidades 4 pacotes;2 por R$ 29,99 cada
HISTAMIN;Cupom REXONA25;R$ 32,90
HISTAMIN;4 opções;2 por R$ 5,69 cada
SILDENAFILA EUF;Kit Lenço Umedecido Huggies Rosto e Corpo Hipoalergênico 48 unidades 4 pacotes;2 por R$ 29,99 cada
SILDENAFILA EUF;Cupom REXONA25;R$ 32,90
SILDENAFILA EUF;4 opções;2 por R$ 5,69 cada
EXPEC;Kit Lenço Umedecido Huggies Rosto e Corpo Hipoalergênico 48 unidades 4 pacotes;2 por R$ 29,99 cada
EXPEC;Cupom REXONA25;R$ 32,90
EXPEC;4 opções;2 por R$ 5,69 cada
STREPSILS;Kit Lenço Umedecido Huggies Rosto e Corpo Hipoalergênico 48 unidades 4 pacotes;2 por R$ 29,99 cada
STREPSILS;Cupom REXONA25;R$ 32,90
STREPSILS;4 opções;2 por R$ 5,69 cada
VICK-VAPORUB;Kit Lenço Umedecido Huggies Rosto e Corpo Hipoalergênico 48 unidades 4 pacotes;2 por R$ 29,99 cada
VICK-VAPORUB;Cupom REXONA25;R$ 32,90
VICK-VAPORUB;4 opções;2 por R$ 5,69 cada
MICROVLAR;Kit Lenço Umedecido Huggies Rosto e Corpo Hipoalergênico 48 unidades 4 pacotes;2 por R$ 29,99 cada
MICROVLAR;Cupom REXONA25;R$ 32,90
MICROVLAR;4 opções;2 por R$ 5,69 cada
INFRALAX;Kit Lenço Umedecido Huggies Rosto e Corpo Hipoalergênico 48 unidades 4 pacotes;2 por R$ 29,99 cada
INFRALAX;Cupom REXONA25;R$ 32,90
INFRALAX;4 opções;2 por R$ 5,69 cada
LOSARTANA P.D;Kit Lenço Umedecido Huggies Rosto e Corpo Hipoalergênico 48 unidades 4 pacotes;2 por R$ 29,99 cada
LOSARTANA P.D;Cupom REXONA25;R$ 32,90
LOSARTANA P.D;4 opções;2 por R$ 5,69 cada
ATENOLOL SDZ;Kit Lenço Umedecido Huggies Rosto e Corpo Hipoalergênico 48 unidades 4 pacotes;2 por R$ 29,99 cada
ATENOLOL SDZ;Cupom REXONA25;R$ 32,90
ATENOLOL SDZ;4 opções;2 por R$ 5,69 cada
VITER C;Kit Lenço Umedecido Huggies Rosto e Corpo Hipoalergênico 48 unidades 4 pacotes;2 por R$ 29,99 cada
VITER C;Cupom REXONA25;R$ 32,90
VITER C;4 opções;2 por R$ 5,69 cada
DIPIRONA N.Q;Kit Lenço Umedecido Huggies Rosto e Corpo Hipoalergênico 48 unidades 4 pacotes;2 por R$ 29,99 cada
DIPIRONA N.Q;Cupom REXONA25;R$ 32,90
DIPIRONA N.Q;4 opções;2 por R$ 5,69 cada
DECONGEX PLUS;Kit Lenço Umedecido Huggies Rosto e Corpo Hipoalergênico 48 unidades 4 pacotes;2 por R$ 29,99 cada
DECONGEX PLUS;Cupom REXONA25;R$ 32,90
DECONGEX PLUS;4 opções;2 por R$ 5,69 cada
DIPIRONA EMS;Kit Lenço Umedecido Huggies Rosto e Corpo Hipoalergênico 48 unidades 4 pacotes;2 por R$ 29,99 cada
DIPIRONA EMS;Cupom REXONA25;R$ 32,90
DIPIRONA EMS;4 opções;2 por R$ 5,69 cada
HIDROCLOROTIAZIDA MDQ;Kit Lenço Umedecido Huggies Rosto e Corpo Hipoalergênico 48 unidades 4 pacotes;2 por R$ 29,99 cada
HIDROCLOROTIAZIDA MDQ;Cupom REXONA25;R$ 32,90
HIDROCLOROTIAZIDA MDQ;4 opções;2 por R$ 5,69 cada
IBUPRIL;Kit Lenço Umedecido Huggies Rosto e Corpo Hipoalergênico 48 unidades 4 pacotes;2 por R$ 29,99 cada
IBUPRIL;Cupom REXONA25;R$ 32,90
IBUPRIL;4 opções;2 por R$ 5,69 cada
ENALAPRIL TTB;Kit Lenço Umedecido Huggies Rosto e Corpo Hipoalergênico 48 unidades 4 pacotes;2 por R$ 29,99 cada
ENALAPRIL TTB;Cupom REXONA25;R$ 32,90
ENALAPRIL TTB;4 opções;2 por R$ 5,69 cada
RIVOTRIL;Kit Lenço Umedecido Huggies Rosto e Corpo Hipoalergênico 48 unidades 4 pacotes;2 por R$ 29,99 cada
RIVOTRIL;Cupom REXONA25;R$ 32,90
RIVOTRIL;4 opções;2 por R$ 5,69 cada
SORO FISIOLOGICO ADV;Kit Lenço Umedecido Huggies Rosto e Corpo Hipoalergênico 48 unidades 4 pacotes;2 por R$ 29,99 cada
SORO FISIOLOGICO ADV;Cupom REXONA25;R$ 32,90
SORO FISIOLOGICO ADV;4 opções;2 por R$ 5,69 cada
NEOSALDINA;Kit Lenço Umedecido Huggies Rosto e Corpo Hipoalergênico 48 unidades 4 pacotes;2 por R$ 29,99 cada
NEOSALDINA;Cupom REXONA25;R$ 32,90
NEOSALDINA;4 opções;2 por R$ 5,69 cada
NIMESULIDA CM5;Kit Lenço Umedecido Huggies Rosto e Corpo Hipoalergênico 48 unidades 4 pacotes;2 por R$ 29,99 cada
NIMESULIDA CM5;Cupom REXONA25;R$ 32,90
NIMESULIDA CM5;4 opções;2 por R$ 5,69 cada
TYLEMAX;Kit Lenço Umedecido Huggies Rosto e Corpo Hipoalergênico 48 unidades 4 pacotes;2 por R$ 29,99 cada
TYLEMAX;Cupom REXONA25;R$ 32,90
TYLEMAX;4 opções;2 por R$ 5,69 cada
GLIBENCLAMIDA N.Q;Kit Lenço Umedecido Huggies Rosto e Corpo Hipoalergênico 48 unidades 4 pacotes;2 por R$ 29,99 cada
GLIBENCLAMIDA N.Q;Cupom REXONA25;R$ 32,90
GLIBENCLAMIDA N.Q;4 opções;2 por R$ 5,69 cada
ATENOLOL MD7;Kit Lenço Umedecido Huggies Rosto e Corpo Hipoalergênico 48 unidades 4 pacotes;2 por R$ 29,99 cada
ATENOLOL MD7;Cupom REXONA25;R$ 32,90
ATENOLOL MD7;4 opções;2 por R$ 5,69 cada
SINVASTATINA SDZ;Kit Lenço Umedecido Huggies Rosto e Corpo Hipoalergênico 48 unidades 4 pacotes;2 por R$ 29,99 cada
SINVASTATINA SDZ;Cupom REXONA25;R$ 32,90
SINVASTATINA SDZ;4 opções;2 por R$ 5,69 cada
HIDROCLOROTIAZIDA TTB;Kit Lenço Umedecido Huggies Rosto e Corpo Hipoalergênico 48 unidades 4 pacotes;2 por R$ 29,99 cada
HIDROCLOROTIAZIDA TTB;Cupom REXONA25;R$ 32,90
HIDROCLOROTIAZIDA TTB;4 opções;2 por R$ 5,69 cada
FLUCONAZOL CM5;Kit Lenço Umedecido Huggies Rosto e Corpo Hipoalergênico 48 unidades 4 pacotes;2 por R$ 29,99 cada
FLUCONAZOL CM5;Cupom REXONA25;R$ 32,90
FLUCONAZOL CM5;4 opções;2 por R$ 5,69 cada
CEFALEXINA TTB;Kit Lenço Umedecido Huggies Rosto e Corpo Hipoalergênico 48 unidades 4 pacotes;2 por R$ 29,99 cada
CEFALEXINA TTB;Cupom REXONA25;R$ 32,90
CEFALEXINA TTB;4 opções;2 por R$ 5,69 cada
DORALGINA;Kit Lenço Umedecido Huggies Rosto e Corpo Hipoalergênico 48 unidades 4 pacotes;2 por R$ 29,99 cada
DORALGINA;Cupom REXONA25;R$ 32,90
DORALGINA;4 opções;2 por R$ 5,69 cada
DIAD;Kit Lenço Umedecido Huggies Rosto e Corpo Hipoalergênico 48 unidades 4 pacotes;2 por R$ 29,99 cada
DIAD;Cupom REXONA25;R$ 32,90
DIAD;4 opções;2 por R$ 5,69 cada
BIO-C;Kit Lenço Umedecido Huggies Rosto e Corpo Hipoalergênico 48 unidades 4 pacotes;2 por R$ 29,99 cada
BIO-C;Cupom REXONA25;R$ 32,90
BIO-C;4 opções;2 por R$ 5,69 cada
NARIDRIN;Kit Lenço Umedecido Huggies Rosto e Corpo Hipoalergênico 48 unidades 4 pacotes;2 por R$ 29,99 cada
NARIDRIN;Cupom REXONA25;R$ 32,90
NARIDRIN;4 opções;2 por R$ 5,69 cada
SAL DE FRUTA ENO;Kit Lenço Umedecido Huggies Rosto e Corpo Hipoalergênico 48 unidades 4 pacotes;2 por R$ 29,99 cada
SAL DE FRUTA ENO;Cupom REXONA25;R$ 32,90
SAL DE FRUTA ENO;4 opções;2 por R$ 5,69 cada
BABYMED;Kit Lenço Umedecido Huggies Rosto e Corpo Hipoalergênico 48 unidades 4 pacotes;2 por R$ 29,99 cada
BABYMED;Cupom REXONA25;R$ 32,90
BABYMED;4 opções;2 por R$ 5,69 cada
AEROLIN;Kit Lenço Umedecido Huggies Rosto e Corpo Hipoalergênico 48 unidades 4 pacotes;2 por R$ 29,99 cada
AEROLIN;Cupom REXONA25;R$ 32,90
AEROLIN;4 opções;2 por R$ 5,69 cada
CORUS;Kit Lenço Umedecido Huggies Rosto e Corpo Hipoalergênico 48 unidades 4 pacotes;2 por R$ 29,99 cada
CORUS;Cupom REXONA25;R$ 32,90
CORUS;4 opções;2 por R$ 5,69 cada
DRAMIN B6;Kit Lenço Umedecido Huggies Rosto e Corpo Hipoalergênico 48 unidades 4 pacotes;2 por R$ 29,99 cada
DRAMIN B6;Cupom REXONA25;R$ 32,90
DRAMIN B6;4 opções;2 por R$ 5,69 cada
HIDROCLOROTIAZIDA N.Q;Kit Lenço Umedecido Huggies Rosto e Corpo Hipoalergênico 48 unidades 4 pacotes;2 por R$ 29,99 cada
HIDROCLOROTIAZIDA N.Q;Cupom REXONA25;R$ 32,90
HIDROCLOROTIAZIDA N.Q;4 opções;2 por R$ 5,69 cada
BEPANTRIZ;Kit Lenço Umedecido Huggies Rosto e Corpo Hipoalergênico 48 unidades 4 pacotes;2 por R$ 29,99 cada
BEPANTRIZ;Cupom REXONA25;R$ 32,90
BEPANTRIZ;4 opções;2 por R$ 5,69 cada
ALBEL;Kit Lenço Umedecido Huggies Rosto e Corpo Hipoalergênico 48 unidades 4 pacotes;2 por R$ 29,99 cada
ALBEL;Cupom REXONA25;R$ 32,90
ALBEL;4 opções;2 por R$ 5,69 cada
COLIRIO;Kit Lenço Umedecido Huggies Rosto e Corpo Hipoalergênico 48 unidades 4 pacotes;2 por R$ 29,99 cada
COLIRIO;Cupom REXONA25;R$ 32,90
COLIRIO;4 opções;2 por R$ 5,69 cada
ENALAPRIL CM5;Kit Lenço Umedecido Huggies Rosto e Corpo Hipoalergênico 48 unidades 4 pacotes;2 por R$ 29,99 cada
ENALAPRIL CM5;Cupom REXONA25;R$ 32,90
ENALAPRIL CM5;4 opções;2 por R$ 5,69 cada
CIFLOGEX;Kit Lenço Umedecido Huggies Rosto e Corpo Hipoalergênico 48 unidades 4 pacotes;2 por R$ 29,99 cada
CIFLOGEX;Cupom REXONA25;R$ 32,90
CIFLOGEX;4 opções;2 por R$ 5,69 cada
NEODIA;Kit Lenço Umedecido Huggies Rosto e Corpo Hipoalergênico 48 unidades 4 pacotes;2 por R$ 29,99 cada
NEODIA;Cupom REXONA25;R$ 32,90
NEODIA;4 opções;2 por R$ 5,69 cada
SIMETICONA MD7;Kit Lenço Umedecido Huggies Rosto e Corpo Hipoalergênico 48 unidades 4 pacotes;2 por R$ 29,99 cada
SIMETICONA MD7;Cupom REXONA25;R$ 32,90
SIMETICONA MD7;4 opções;2 por R$ 5,69 cada
SCAFLOGIN;Kit Lenço Umedecido Huggies Rosto e Corpo Hipoalergênico 48 unidades 4 pacotes;2 por R$ 29,99 cada
SCAFLOGIN;Cupom REXONA25;R$ 32,90
SCAFLOGIN;4 opções;2 por R$ 5,69 cada
SOMALGIN CARDIO;Kit Lenço Umedecido Huggies Rosto e Corpo Hipoalergênico 48 unidades 4 pacotes;2 por R$ 29,99 cada
SOMALGIN CARDIO;Cupom REXONA25;R$ 32,90
SOMALGIN CARDIO;4 opções;2 por R$ 5,69 cada
LOSARTANA POT EUF;Kit Lenço Umedecido Huggies Rosto e Corpo Hipoalergênico 48 unidades 4 pacotes;2 por R$ 29,99 cada
LOSARTANA POT EUF;Cupom REXONA25;R$ 32,90
LOSARTANA POT EUF;4 opções;2 por R$ 5,69 cada
CETOPROFENO MD7;Kit Lenço Umedecido Huggies Rosto e Corpo Hipoalergênico 48 unidades 4 pacotes;2 por R$ 29,99 cada
CETOPROFENO MD7;Cupom REXONA25;R$ 32,90
CETOPROFENO MD7;4 opções;2 por R$ 5,69 cada
NARIX;Kit Lenço Umedecido Huggies Rosto e Corpo Hipoalergênico 48 unidades 4 pacotes;2 por R$ 29,99 cada
NARIX;Cupom REXONA25;R$ 32,90
NARIX;4 opções;2 por R$ 5,69 cada
NISTA+ZINCO N.Q;Kit Lenço Umedecido Huggies Rosto e Corpo Hipoalergênico 48 unidades 4 pacotes;2 por R$ 29,99 cada
NISTA+ZINCO N.Q;Cupom REXONA25;R$ 32,90
NISTA+ZINCO N.Q;4 opções;2 por R$ 5,69 cada
OMEPRAZOL TTB;Kit Lenço Umedecido Huggies Rosto e Corpo Hipoalergênico 48 unidades 4 pacotes;2 por R$ 29,99 cada
OMEPRAZOL TTB;Cupom REXONA25;R$ 32,90
OMEPRAZOL TTB;4 opções;2 por R$ 5,69 cada
LACRIFILM;Kit Lenço Umedecido Huggies Rosto e Corpo Hipoalergênico 48 unidades 4 pacotes;2 por R$ 29,99 cada
LACRIFILM;Cupom REXONA25;R$ 32,90
LACRIFILM;4 opções;2 por R$ 5,69 cada
NAPROXENO N.Q;Kit Lenço Umedecido Huggies Rosto e Corpo Hipoalergênico 48 unidades 4 pacotes;2 por R$ 29,99 cada
NAPROXENO N.Q;Cupom REXONA25;R$ 32,90
NAPROXENO N.Q;4 opções;2 por R$ 5,69 cada
PREDSIM;Kit Lenço Umedecido Huggies Rosto e Corpo Hipoalergênico 48 unidades 4 pacotes;2 por R$ 29,99 cada
PREDSIM;Cupom REXONA25;R$ 32,90
PREDSIM;4 opções;2 por R$ 5,69 cada
LOSARTANA GM2;Kit Lenço Umedecido Huggies Rosto e Corpo Hipoalergênico 48 unidades 4 pacotes;2 por R$ 29,99 cada
LOSARTANA GM2;Cupom REXONA25;R$ 32,90
LOSARTANA GM2;4 opções;2 por R$ 5,69 cada
BUSONID;Kit Lenço Umedecido Huggies Rosto e Corpo Hipoalergênico 48 unidades 4 pacotes;2 por R$ 29,99 cada
BUSONID;Cupom REXONA25;R$ 32,90
BUSONID;4 opções;2 por R$ 5,69 cada
NEOLEFRIN;Kit Lenço Umedecido Huggies Rosto e Corpo Hipoalergênico 48 unidades 4 pacotes;2 por R$ 29,99 cada
NEOLEFRIN;Cupom REXONA25;R$ 32,90
NEOLEFRIN;4 opções;2 por R$ 5,69 cada
SODIO CLORET. ARB;Kit Lenço Umedecido Huggies Rosto e Corpo Hipoalergênico 48 unidades 4 pacotes;2 por R$ 29,99 cada
SODIO CLORET. ARB;Cupom REXONA25;R$ 32,90
SODIO CLORET. ARB;4 opções;2 por R$ 5,69 cada
HIDROCLOROTIAZIDA EMS;Kit Lenço Umedecido Huggies Rosto e Corpo Hipoalergênico 48 unidades 4 pacotes;2 por R$ 29,99 cada
HIDROCLOROTIAZIDA EMS;Cupom REXONA25;R$ 32,90
HIDROCLOROTIAZIDA EMS;4 opções;2 por R$ 5,69 cada
BUSCOPAN;Kit Lenço Umedecido Huggies Rosto e Corpo Hipoalergênico 48 unidades 4 pacotes;2 por R$ 29,99 cada
BUSCOPAN;Cupom REXONA25;R$ 32,90
BUSCOPAN;4 opções;2 por R$ 5,69 cada
ALBENDAZOL MD7;Kit Lenço Umedecido Huggies Rosto e Corpo Hipoalergênico 48 unidades 4 pacotes;2 por R$ 29,99 cada
ALBENDAZOL MD7;Cupom REXONA25;R$ 32,90
ALBENDAZOL MD7;4 opções;2 por R$ 5,69 cada
GARDENAL;Kit Lenço Umedecido Huggies Rosto e Corpo Hipoalergênico 48 unidades 4 pacotes;2 por R$ 29,99 cada
GARDENAL;Cupom REXONA25;R$ 32,90
GARDENAL;4 opções;2 por R$ 5,69 cada
SELOZOK;Kit Lenço Umedecido Huggies Rosto e Corpo Hipoalergênico 48 unidades 4 pacotes;2 por R$ 29,99 cada
SELOZOK;Cupom REXONA25;R$ 32,90
SELOZOK;4 opções;2 por R$ 5,69 cada
PANTOPRAZOL ACH;Kit Lenço Umedecido Huggies Rosto e Corpo Hipoalergênico 48 unidades 4 pacotes;2 por R$ 29,99 cada
PANTOPRAZOL ACH;Cupom REXONA25;R$ 32,90
PANTOPRAZOL ACH;4 opções;2 por R$ 5,69 cada
LUFTAL;Kit Lenço Umedecido Huggies Rosto e Corpo Hipoalergênico 48 unidades 4 pacotes;2 por R$ 29,99 cada
LUFTAL;Cupom REXONA25;R$ 32,90
LUFTAL;4 opções;2 por R$ 5,69 cada
TADALAFILA EUF;Kit Lenço Umedecido Huggies Rosto e Corpo Hipoalergênico 48 unidades 4 pacotes;2 por R$ 29,99 cada
TADALAFILA EUF;Cupom REXONA25;R$ 32,90
TADALAFILA EUF;4 opções;2 por R$ 5,69 cada
REPOFLOR;Kit Lenço Umedecido Huggies Rosto e Corpo Hipoalergênico 48 unidades 4 pacotes;2 por R$ 29,99 cada
REPOFLOR;Cupom REXONA25;R$ 32,90
REPOFLOR;4 opções;2 por R$ 5,69 cada
RINOSORO;Kit Lenço Umedecido Huggies Rosto e Corpo Hipoalergênico 48 unidades 4 pacotes;2 por R$ 29,99 cada
RINOSORO;Cupom REXONA25;R$ 32,90
RINOSORO;4 opções;2 por R$ 5,69 cada
SINVASTATINA CM5;Kit Lenço Umedecido Huggies Rosto e Corpo Hipoalergênico 48 unidades 4 pacotes;2 por R$ 29,99 cada
SINVASTATINA CM5;Cupom REXONA25;R$ 32,90
SINVASTATINA CM5;4 opções;2 por R$ 5,69 cada
ADVIL;Kit Lenço Umedecido Huggies Rosto e Corpo Hipoalergênico 48 unidades 4 pacotes;2 por R$ 29,99 cada
ADVIL;Cupom REXONA25;R$ 32,90
ADVIL;4 opções;2 por R$ 5,69 cada
VONAU FLASH;Kit Lenço Umedecido Huggies Rosto e Corpo Hipoalergênico 48 unidades 4 pacotes;2 por R$ 29,99 cada
VONAU FLASH;Cupom REXONA25;R$ 32,90
VONAU FLASH;4 opções;2 por R$ 5,69 cada
IVERMECTINA VMC;Kit Lenço Umedecido Huggies Rosto e Corpo Hipoalergênico 48 unidades 4 pacotes;2 por R$ 29,99 cada
IVERMECTINA VMC;Cupom REXONA25;R$ 32,90
IVERMECTINA VMC;4 opções;2 por R$ 5,69 cada
ALIVIUM;Kit Lenço Umedecido Huggies Rosto e Corpo Hipoalergênico 48 unidades 4 pacotes;2 por R$ 29,99 cada
ALIVIUM;Cupom REXONA25;R$ 32,90
ALIVIUM;4 opções;2 por R$ 5,69 cada
DIPIRONA GM2;Kit Lenço Umedecido Huggies Rosto e Corpo Hipoalergênico 48 unidades 4 pacotes;2 por R$ 29,99 cada
DIPIRONA GM2;Cupom REXONA25;R$ 32,90
DIPIRONA GM2;4 opções;2 por R$ 5,69 cada
NEVRALGEX;Kit Lenço Umedecido Huggies Rosto e Corpo Hipoalergênico 48 unidades 4 pacotes;2 por R$ 29,99 cada
NEVRALGEX;Cupom REXONA25;R$ 32,90
NEVRALGEX;4 opções;2 por R$ 5,69 cada
ENALAPRIL N.Q;Kit Lenço Umedecido Huggies Rosto e Corpo Hipoalergênico 48 unidades 4 pacotes;2 por R$ 29,99 cada
ENALAPRIL N.Q;Cupom REXONA25;R$ 32,90
ENALAPRIL N.Q;4 opções;2 por R$ 5,69 cada
